metric,estimate,ci_low,ci_high,p_value,effect_size,power
naive_diff_in_means,75.09464375612087,20.36713958945365,129.8221479227881,0.007185563331946643,0.3359867070137222,0.7670208108913218
psm_att,14.796351369630395,-47.97330554642111,78.81313478948246,,,
ipw_ate,-2.1203788034813686,-58.817096340451364,55.84634194066305,,,
